RJ,Campos Dos Goytacazes
BA,Mata de São João
BA,Vitória da Conquista
CE,Eusébio
ES,Vitória
GO,Jataí
GO,Valparaíso de Goiás
MG,Pará de Minas
MG,São João del Rei
MG,Timóteo
PB,João Pessoa
PR,São José dos Pinhais
RS,Bagé
RS,Estância Velha
RS,Osório
RS,Rosário do Sul
RS,Santo Ângelo
RS,São Lourenço do Sul
SC,Chapecó
SC,Concórdia
SC,São José
SP,Álvares Machado
SP,Américo Brasiliense
SP,Bragança Paulista
SP,Campos do Jordão
SP,Espírito Santo do Pinhal
SP,Guaíra
SP,Jaú
SP,José Bonifácio
SP,Jundiaí
SP,Marília
SP,Santo André
SP,São João da Boa Vista
SP,São José do Rio Pardo
SP,São José do Rio Preto
SP,São José dos Campos
SP,São Sebastião
SP,Tietê
TO,Paraíso do Tocantins
MG,Santa Luzia