AC,Rio Branco
AL,Arapiraca
AL,Maceió
AM,Manaus
AP,Macapá
AP,Santana
BA,Alagoinhas
BA,Barreiras
BA,Camaçari
BA,Eunápolis
BA,Feira De Santana
BA,Ilhéus
BA,Itabuna
BA,Jequié
BA,Juazeiro
BA,Lauro De Freitas
BA,Mata De São Joao
BA,Porto Seguro
BA,Salvador
BA,Teixeira De Freitas
BA,Vitoria Da Conquista
CE,Aquiraz
CE,Eusebio
CE,Fortaleza
CE,Juazeiro Do Norte
CE,Sobral
DF,Brasília
ES,Aracruz
ES,Cachoeiro De Itapemirim
ES,Cariacica
ES,Colatina
ES,Serra
ES,Vila Velha
ES,Vitoria
GO,Anápolis
GO,Aparecida De Goiânia
GO,Caldas Novas
GO,Formosa
GO,Goiânia
GO,Itumbiara
GO,Jatai
GO,Rio Verde
GO,Santa Helena De Goiás
GO,Senador Canedo
GO,Trindade
GO,Valparaiso De Goiás
MA,Imperatriz
MA,Santa Luzia
MA,São Luis
MA,Timon
MG,Araguari
MG,Araxá
MG,Barbacena
MG,Belo Horizonte
MG,Betim
MG,Cataguases
MG,Conselheiro Lafaiete
MG,Contagem
MG,Coronel Fabriciano
MG,Divinópolis
MG,Governador Valadares
MG,Ipatinga
MG,Itabira
MG,Itajubá
MG,Itaúna
MG,Ituiutaba
MG,João Monlevade
MG,Juiz De Fora
MG,Lagoa Santa
MG,Lavras
MG,Manhuaçu
MG,Montes Claros
MG,Nova Lima
MG,Para De Minas
MG,Patos De Minas
MG,Poços De Caldas
MG,Pouso Alegre
MG,Sabará
MG,São Joao Del Rei
MG,Sete Lagoas
MG,Teófilo Otoni
MG,Timoteo
MG,Três Corações
MG,Ubá
MG,Uberaba
MG,Uberlândia
MG,Varginha
MG,Vespasiano
MG,Viçosa
MS,Campo Grande
MS,Dourados
MS,Ponta Porã
MS,Três Lagoas
MT,Cuiabá
MT,Lucas Do Rio Verde
MT,Nova Mutum
MT,Rondonópolis
MT,Sinop
MT,Sorriso
MT,Várzea Grande
PA,Ananindeua
PA,Belém
PA,Castanhal
PA,Marabá
PA,Paragominas
PA,Parauapebas
PB,Cabedelo
PB,Campina Grande
PB,Joao Pessoa
PE,Caruaru
PE,Jaboatão Dos Guararapes
PE,Olinda
PE,Paulista
PE,Petrolina
PE,Recife
PI,Parnaíba
PI,Teresina
PR,Almirante Tamandaré
PR,Apucarana
PR,Arapongas
PR,Araucária
PR,Cambé
PR,Campo Largo
PR,Cascavel
PR,Cianorte
PR,Colombo
PR,Curitiba
PR,Guarapuava
PR,Londrina
PR,Maringá
PR,Paiçandu
PR,Paranaguá
PR,Pinhais
PR,Piraquara
PR,Ponta Grossa
PR,Quatro Barras
PR,Rolândia
PR,São Jose Dos Pinhais
RJ,Armação Dos Búzios
RJ,Barra Mansa
RJ,Belford Roxo
RJ,Cabo Frio
RJ,Campos Dos Goytacazes
RJ,Duque De Caxias
RJ,Itaguaí
RJ,Macaé
RJ,Mesquita
RJ,Miguel Pereira
RJ,Nilópolis
RJ,Niterói
RJ,Nova Friburgo
RJ,Nova Iguaçu
RJ,Paraíba Do Sul
RJ,Petrópolis
RJ,Resende
RJ,Rio Das Ostras
RJ,Rio De Janeiro
RJ,São Gonçalo
RJ,São Joao De Meriti
RJ,São Pedro Da Aldeia
RJ,Teresópolis
RJ,Três Rios
RJ,Valença
RJ,Vassouras
RJ,Volta Redonda
RN,Mossoró
RN,Natal
RN,Parnamirim
RO,Ariquemes
RO,Cacoal
RO,Ji-Paraná
RO,Porto Velho
RO,Vilhena
RS,Alegrete
RS,Alvorada
RS,Arroio Do Meio
RS,Bage
RS,Bento Goncalves
RS,Cachoeira Do Sul
RS,Cachoeirinha
RS,Camaquã
RS,Campo Bom
RS,Canela
RS,Canoas
RS,Capão Da Canoa
RS,Carazinho
RS,Carlos Barbosa
RS,Caxias Do Sul
RS,Charqueadas
RS,Cruz Alta
RS,Dois Irmãos
RS,Eldorado Do Sul
RS,Encantado
RS,Erechim
RS,Estancia Velha
RS,Esteio
RS,Estrela
RS,Farroupilha
RS,Frederico Westphalen
RS,Garibaldi
RS,Gramado
RS,Gravataí
RS,Guaíba
RS,Igrejinha
RS,Imbé
RS,Itaqui
RS,Ivoti
RS,Lajeado
RS,Marau
RS,Montenegro
RS,Nova Petrópolis
RS,Novo Hamburgo
RS,Osorio
RS,Palmeira Das Missões
RS,Panambi
RS,Parobé
RS,Passo Fundo
RS,Pelotas
RS,Porto Alegre
RS,Rio Grande
RS,Rio Pardo
RS,Rosario Do Sul
RS,Santa Cruz Do Sul
RS,Santa Maria
RS,Santa Rosa
RS,Santana Do Livramento
RS,Santo Angelo
RS,São Borja
RS,São Gabriel
RS,São Leopoldo
RS,São Lourenco Do Sul
RS,São Luiz Gonzaga
RS,Sapiranga
RS,Sapucaia Do Sul
RS,Taquara
RS,Teutônia
RS,Torres
RS,Tramandaí
RS,Três Coroas
RS,Uruguaiana
RS,Vacaria
RS,Venâncio Aires
RS,Vera Cruz
RS,Veranópolis
RS,Viamão
RS,Xangri-lá
SC,Araranguá
SC,Balneário Camboriú
SC,Biguaçu
SC,Blumenau
SC,Brusque
SC,Caçador
SC,Camboriú
SC,Chapeco
SC,Concordia
SC,Criciúma
SC,Florianópolis
SC,Fraiburgo
SC,Gaspar
SC,Guaramirim
SC,Herval D'Oeste
SC,Içara
SC,Indaial
SC,Itajaí
SC,Itapema
SC,Jaraguá Do Sul
SC,Joaçaba
SC,Joinville
SC,Lages
SC,Mafra
SC,Navegantes
SC,Palhoça
SC,Rio Do Sul
SC,Rio Negrinho
SC,São Bento Do Sul
SC,São Francisco Do Sul
SC,São Jose
SC,Timbó
SC,Tubarão
SC,Videira
SC,Xanxerê
SC,Xaxim
SE,Aracaju
SP,Adamantina
SP,Agudos
SP,Alumínio
SP,Alvares Machado
SP,Americana
SP,Americo Brasiliense
SP,Amparo
SP,Andradina
SP,Aparecida
SP,Araçatuba
SP,Araraquara
SP,Araras
SP,Artur Nogueira
SP,Arujá
SP,Atibaia
SP,Avaré
SP,Bady Bassitt
SP,Barretos
SP,Barrinha
SP,Barueri
SP,Batatais
SP,Bauru
SP,Bebedouro
SP,Bertioga
SP,Birigui
SP,Boituva
SP,Botucatu
SP,Braganca Paulista
SP,Cabreúva
SP,Caçapava
SP,Cachoeira Paulista
SP,Caieiras
SP,Cajamar
SP,Campinas
SP,Campo Limpo Paulista
SP,Campos Do Jordao
SP,Capivari
SP,Caraguatatuba
SP,Carapicuíba
SP,Casa Branca
SP,Catanduva
SP,Cerquilho
SP,Cordeirópolis
SP,Cosmópolis
SP,Cotia
SP,Cravinhos
SP,Cruzeiro
SP,Cubatão
SP,Descalvado
SP,Diadema
SP,Dracena
SP,Elias Fausto
SP,Embu Das Artes
SP,Espirito Santo Do Pinhal
SP,Fernandópolis
SP,Franca
SP,Guaira
SP,Guararapes
SP,Guaratinguetá
SP,Guarujá
SP,Guarulhos
SP,Hortolândia
SP,Ibaté
SP,Ibiúna
SP,Indaiatuba
SP,Iperó
SP,Itanhaém
SP,Itapecerica Da Serra
SP,Itapetininga
SP,Itapeva
SP,Itapevi
SP,Itapira
SP,Itaquaquecetuba
SP,Itatiba
SP,Itu
SP,Itupeva
SP,Ituverava
SP,Jaboticabal
SP,Jacareí
SP,Jaguariúna
SP,Jales
SP,Jandira
SP,Jardinópolis
SP,Jarinu
SP,Jau
SP,Jose Bonifácio
SP,Jundiai
SP,Leme
SP,Lençóis Paulista
SP,Limeira
SP,Lins
SP,Lorena
SP,Louveira
SP,Mairinque
SP,Marilia
SP,Matão
SP,Mauá
SP,Mirandópolis
SP,Mirassol
SP,Mococa
SP,Mogi Das Cruzes
SP,Mogi Guaçu
SP,Mogi Mirim
SP,Mongaguá
SP,Monte Alto
SP,Monte Mor
SP,Morungaba
SP,Nova Odessa
SP,Olimpia
SP,Orlândia
SP,Osasco
SP,Ourinhos
SP,Paulínia
SP,Pedreira
SP,Penápolis
SP,Peruíbe
SP,Piedade
SP,Pindamonhangaba
SP,Piracaia
SP,Piracicaba
SP,Pirassununga
SP,Poá
SP,Porto Feliz
SP,Porto Ferreira
SP,Potim
SP,Potirendaba
SP,Praia Grande
SP,Presidente Bernardes
SP,Presidente Prudente
SP,Promissão
SP,Rafard
SP,Registro
SP,Ribeirão Pires
SP,Ribeirão Preto
SP,Rio Claro
SP,Salto
SP,Santa Barbara D'Oeste
SP,Santa Cruz Das 
SP,Palmeiras
SP,Santa Cruz Do Rio Pardo
SP,Santa Gertrudes
SP,Santa Isabel
SP,Santana De Parnaíba
SP,Santo Andre
SP,Santos
SP,São Bernardo Do Campo
SP,São Caetano Do Sul
SP,São Carlos
SP,São Joao Da Boa Vista
SP,São Joaquim Da Barra
SP,São Jose Do Rio Pardo
SP,São Jose Do Rio Preto
SP,São Jose Dos Campos
SP,São Paulo
SP,São Roque
SP,São Sebastiao
SP,São Vicente
SP,Serra Negra
SP,Serrana
SP,Sertãozinho
SP,Sorocaba
SP,Sumaré
SP,Suzano
SP,Taboão Da Serra
SP,Tambaú
SP,Tatuí
SP,Taubaté
SP,Tiete
SP,Tremembé
SP,Ubatuba
SP,Valinhos
SP,Valparaiso
SP,Vargem Grande Paulista
SP,Várzea Paulista
SP,Vinhedo
SP,Votorantim
SP,Votuporanga
TO,Araguaína
TO,Gurupi
TO,Palmas
TO,Paraiso Do Tocantins
